{"val_Correlation":{"0":0.3214203357,"1":0.3214203357,"2":0.3214203357,"3":0.3214203357,"4":0.3202683036,"5":0.3202683036},"val_Bias":{"0":-0.05984438,"1":-0.05984438,"2":-0.05984438,"3":-0.05984438,"4":-0.0586858035,"5":-0.0586858035},"val_PBias":{"0":-7.4706607591,"1":-7.4706607591,"2":-7.4706607591,"3":-7.4706607591,"4":-7.4169656104,"5":-7.4169656104},"val_MSE":{"0":23.529311554,"1":23.529311554,"2":23.529311554,"3":23.529311554,"4":23.5567151432,"5":23.5567151432},"val_RMSE":{"0":4.6142367036,"1":4.6142367036,"2":4.6142367036,"3":4.6142367036,"4":4.6164461478,"5":4.6164461478},"val_NRMSE":{"0":12.1680311099,"1":12.1680311099,"2":12.1680311099,"3":12.1680311099,"4":12.1721020131,"5":12.1721020131},"val_Skill score":{"0":0.2497650877,"1":0.2497650877,"2":0.2497650877,"3":0.2497650877,"4":0.2477864097,"5":0.2477864097},"val_$R^2$":{"0":0.0875968055,"1":0.0875968055,"2":0.0875968055,"3":0.0875968055,"4":0.0869536591,"5":0.0869536591},"Paths.scratch":{"0":"\/scratch\/steininger\/deepsd\/scratch_remo","1":"\/scratch\/steininger\/deepsd\/scratch_remo","2":"\/scratch\/steininger\/deepsd\/scratch_remo","3":"\/scratch\/steininger\/deepsd\/scratch_remo","4":"\/scratch\/steininger\/deepsd\/scratch_remo","5":"\/scratch\/steininger\/deepsd\/scratch_remo"},"Paths.prism":{"0":"\/scratch\/steininger\/deepsd\/prism","1":"\/scratch\/steininger\/deepsd\/prism","2":"\/scratch\/steininger\/deepsd\/prism","3":"\/scratch\/steininger\/deepsd\/prism","4":"\/scratch\/steininger\/deepsd\/prism","5":"\/scratch\/steininger\/deepsd\/prism"},"Paths.elevation":{"0":"data\/DEM_GER-11_GTOPO_remap.nc","1":"data\/DEM_GER-11_GTOPO_remap.nc","2":"data\/DEM_GER-11_GTOPO_remap.nc","3":"data\/DEM_GER-11_GTOPO_remap.nc","4":"data\/DEM_GER-11_GTOPO_remap.nc","5":"data\/DEM_GER-11_GTOPO_remap.nc"},"Paths.remo_target":{"0":"\/scratch\/steininger\/deepsd\/remo\/E-OBS\/rr_ens_mean_0.1deg_to_0.11deg_reg_v19.0e_2000-2015_daily_fillmis.nc","1":"\/scratch\/steininger\/deepsd\/remo\/E-OBS\/rr_ens_mean_0.1deg_to_0.11deg_reg_v19.0e_2000-2015_daily_fillmis.nc","2":"\/scratch\/steininger\/deepsd\/remo\/E-OBS\/rr_ens_mean_0.1deg_to_0.11deg_reg_v19.0e_2000-2015_daily_fillmis.nc","3":"\/scratch\/steininger\/deepsd\/remo\/E-OBS\/rr_ens_mean_0.1deg_to_0.11deg_reg_v19.0e_2000-2015_daily_fillmis.nc","4":"\/scratch\/steininger\/deepsd\/remo\/E-OBS\/rr_ens_mean_0.1deg_to_0.11deg_reg_v19.0e_2000-2015_daily_fillmis.nc","5":"\/scratch\/steininger\/deepsd\/remo\/E-OBS\/rr_ens_mean_0.1deg_to_0.11deg_reg_v19.0e_2000-2015_daily_fillmis.nc"},"Paths.remo_input":{"0":"\/Users\/michaelsteininger\/data\/REMO\/EUR-44\/260\/","1":"\/Users\/michaelsteininger\/data\/REMO\/EUR-44\/260\/","2":"\/Users\/michaelsteininger\/data\/REMO\/EUR-44\/260\/","3":"\/Users\/michaelsteininger\/data\/REMO\/EUR-44\/260\/","4":"\/Users\/michaelsteininger\/data\/REMO\/EUR-44\/260\/","5":"\/Users\/michaelsteininger\/data\/REMO\/EUR-44\/260\/"},"Paths.aux_base_path":{"0":"\/Users\/michaelsteininger\/data\/REMO\/EUR-44\/","1":"\/Users\/michaelsteininger\/data\/REMO\/EUR-44\/","2":"\/Users\/michaelsteininger\/data\/REMO\/EUR-44\/","3":"\/Users\/michaelsteininger\/data\/REMO\/EUR-44\/","4":"\/Users\/michaelsteininger\/data\/REMO\/EUR-44\/","5":"\/Users\/michaelsteininger\/data\/REMO\/EUR-44\/"},"DataOptions.type":{"0":"remo","1":"remo","2":"remo","3":"remo","4":"remo","5":"remo"},"DataOptions.input_variable":{"0":"APRL","1":"APRL","2":"APRL","3":"APRL","4":"APRL","5":"APRL"},"DataOptions.aux_variables":{"0":"130\/100,130\/200,130\/500,130\/850,130\/950,133\/100,133\/200,133\/500,133\/850,133\/950,151,156\/100,156\/200,156\/500,156\/850,156\/950,165,166,167,201,202","1":"130\/100,130\/200,130\/500,130\/850,130\/950,133\/100,133\/200,133\/500,133\/850,133\/950,151,156\/100,156\/200,156\/500,156\/850,156\/950,165,166,167,201,202","2":"130\/100,130\/200,130\/500,130\/850,130\/950,133\/100,133\/200,133\/500,133\/850,133\/950,151,156\/100,156\/200,156\/500,156\/850,156\/950,165,166,167,201,202","3":"130\/100,130\/200,130\/500,130\/850,130\/950,133\/100,133\/200,133\/500,133\/850,133\/950,151,156\/100,156\/200,156\/500,156\/850,156\/950,165,166,167,201,202","4":"130\/100,130\/200,130\/500,130\/850,130\/950,133\/100,133\/200,133\/500,133\/850,133\/950,151,156\/100,156\/200,156\/500,156\/850,156\/950,165,166,167,201,202","5":"130\/100,130\/200,130\/500,130\/850,130\/950,133\/100,133\/200,133\/500,133\/850,133\/950,151,156\/100,156\/200,156\/500,156\/850,156\/950,165,166,167,201,202"},"DataOptions.target_variable":{"0":"rr","1":"rr","2":"rr","3":"rr","4":"rr","5":"rr"},"DataOptions.min_year":{"0":2000,"1":2000,"2":2000,"3":2000,"4":2000,"5":"2000"},"DataOptions.max_year":{"0":2010,"1":2010,"2":2010,"3":2010,"4":2010,"5":"2010"},"DataOptions.max_train_year":{"0":2009,"1":2009,"2":2009,"3":2009,"4":2009,"5":"2009"},"NN.scratch":{"0":"\/scratch\/steininger\/deepsd\/scratch_remo","1":"\/scratch\/steininger\/deepsd\/scratch_remo","2":"\/scratch\/steininger\/deepsd\/scratch_remo","3":"\/scratch\/steininger\/deepsd\/scratch_remo","4":"\/scratch\/steininger\/deepsd\/scratch_remo","5":"\/scratch\/steininger\/deepsd\/scratch_remo"},"NN.layer_sizes":{"0":"64,32,1","1":"64,32,1","2":"64,32,1","3":"64,32,1","4":"64,32,1","5":"64,32,1"},"NN.kernel_sizes":{"0":"9,1,5","1":"9,1,5","2":"9,1,5","3":"9,1,5","4":"9,1,5","5":"9,1,5"},"NN.learning_rate":{"0":0.001,"1":0.001,"2":0.001,"3":0.001,"4":0.001,"5":"0.001"},"NN.training_epochs":{"0":100000,"1":100000,"2":100000,"3":100000,"4":100000,"5":"100000"},"NN.batch_size":{"0":128,"1":128,"2":128,"3":128,"4":128,"5":"128"},"NN.input_width":{"0":121,"1":121,"2":121,"3":121,"4":121,"5":"121"},"NN.input_height":{"0":121,"1":121,"2":121,"3":121,"4":121,"5":"121"},"NN.training_input_depth":{"0":1,"1":1,"2":1,"3":1,"4":1,"5":"1"},"NN.aux_depth":{"0":1,"1":1,"2":1,"3":1,"4":1,"5":"1"},"NN.save_step":{"0":100,"1":100,"2":100,"3":100,"4":100,"5":"100"},"NN.val_step":{"0":100,"1":100,"2":100,"3":100,"4":100,"5":"100"},"NN.dropout_prob":{"0":0,"1":0,"2":0,"3":0,"4":0,"5":"0.0"},"NN.weighted_loss":{"0":"","1":"","2":"","3":"","4":"","5":""},"NN.alpha":{"0":"","1":"","2":"","3":"","4":"","5":""},"NN.model":{"0":"linear","1":"linear","2":"linear","3":"linear","4":"linear","5":"linear"},"Model-1.data_dir":{"0":"\/scratch\/steininger\/deepsd\/scratch_remo\/APRL_rr_11_44\/","1":"\/scratch\/steininger\/deepsd\/scratch_remo\/APRL_rr_11_44\/","2":"\/scratch\/steininger\/deepsd\/scratch_remo\/APRL_rr_11_44\/","3":"\/scratch\/steininger\/deepsd\/scratch_remo\/APRL_rr_11_44\/","4":"\/scratch\/steininger\/deepsd\/scratch_remo\/APRL_rr_11_44\/","5":"\/scratch\/steininger\/deepsd\/scratch_remo\/APRL_rr_11_44\/"},"Model-1.model_name":{"0":"APRL-rr-11-44","1":"APRL-rr-11-44","2":"APRL-rr-11-44","3":"APRL-rr-11-44","4":"APRL-rr-11-44","5":"APRL-rr-11-44"},"SD.model_name":{"0":"APRL-rr-44-11-linear-prec-remo","1":"APRL-rr-44-11-linear-prec-remo","2":"APRL-rr-44-11-linear-prec-remo","3":"APRL-rr-44-11-linear-prec-remo","4":"APRL-rr-44-11-linear-prec-remo","5":"APRL-rr-44-11-linear-prec-remo"},"SD.low_resolution":{"0":44,"1":44,"2":44,"3":44,"4":44,"5":"44"},"SD.high_resolution":{"0":11,"1":11,"2":11,"3":11,"4":11,"5":"11"},"SD.upscale_factor":{"0":4,"1":4,"2":4,"3":4,"4":4,"5":"4"}}